,City name,Longitude,Latitude,"Temperature, F","Humidity, %","Cloudiness, %","Wind speed, mph",Hemisphere
812,abalak,6.3289330495194065,15.646237209132394,64.04,69,61,4.3,Northern
752,aban,95.98095450613266,56.84795502327256,51.13,36,100,6.39,Northern
240,abapo,-62.72741610447699,-19.02061516193804,57.29,82,51,1.47,Southern
419,abashiri,144.4730374629347,43.81260881912394,55.78,65,19,2.81,Northern
351,abaza,89.90247665580824,52.13102174187378,66.7,77,99,2.73,Northern
500,abha,41.152776548927164,19.737254272749595,67.35,37,17,3.16,Northern
722,abong mbang,13.826377133253288,3.239627375388096,67.06,99,96,0.86,Northern
742,acandi,-77.38822900105667,8.725437614548909,77.94,93,100,1.25,Northern
922,acapulco,-103.15112773256179,5.856816883900365,82.35,61,100,3.0,Northern
797,acarau,-39.30479443896451,5.947436174734179,76.87,82,80,4.98,Northern
963,achacachi,-68.72879252020527,-16.269636853477635,43.03,77,97,2.25,Southern
983,adavere,25.976043098763995,58.76892954871329,52.5,95,100,6.03,Northern
504,adilcevaz,43.02878785233162,38.882592987130835,55.11,68,0,0.88,Northern
483,adolfo ruiz cortines,-108.74978878528253,25.762945823274833,77.67,33,0,3.05,Northern
277,adrar,0.28864923784158236,27.028156475472173,83.08,18,100,7.14,Northern
404,ahipara,173.1484412129057,-32.33026347979054,59.86,66,80,4.14,Southern
221,ahuimanu,-152.529152334807,35.329912102176934,80.01,72,39,3.16,Northern
11,airai,144.06069722848076,9.642458211278694,73.85,52,18,2.21,Northern
433,ajdabiya,20.298467137265305,31.109788989457257,75.42,22,2,3.06,Northern
288,aklavik,-138.5099280875423,66.62451412324361,41.83,69,100,2.12,Northern
599,albanel,-72.41856743659268,48.89940160104598,58.41,95,99,1.67,Northern
40,albany,101.23846488664833,-71.05658089488419,69.49,67,100,2.31,Southern
534,aleksandrovsk-sakhalinskiy,142.15872219671945,50.70240337959925,41.68,85,100,2.56,Northern
235,aleksandrow kujawski,18.703150811821416,52.741232004739715,44.74,92,10,5.05,Northern
907,alekseyevsk,108.71686478302405,58.9029928370216,53.71,41,73,0.36,Northern
843,alice springs,134.58110136392884,-19.64592305842865,58.55,36,75,8.34,Southern
412,aljezur,-10.221573188511115,36.942026461169945,57.63,73,74,2.38,Northern
84,alofi,-170.17238259169918,-25.773910853785296,75.09,88,75,6.17,Southern
564,altay,91.014531010209,45.690720410451945,75.7,20,2,1.67,Northern
396,ambanja,48.32644851151741,-13.93901842193857,68.0,84,17,1.78,Southern
441,ambilobe,48.36507634465201,-7.4638218972922346,65.98,90,5,1.42,Southern
358,ambon,126.7964042205922,-6.319107223146972,87.94,66,40,6.1,Southern
748,ambulu,113.48202464072358,-11.651754188069106,86.27,63,10,2.09,Southern
36,amli,8.160240997152869,58.77475268970818,85.59,64,73,4.86,Northern
584,amuntai,114.77880838215088,-2.474108812174805,88.59,61,94,0.44,Southern
57,anadyr,175.68428119257146,64.85668994075567,46.0,61,20,12.96,Northern
383,anahuac,-100.04688076296272,26.869343901546898,83.98,60,100,9.86,Northern
403,ancud,-95.91652368031114,-38.92925176159335,54.43,93,100,5.49,Southern
958,andilamena,48.17801033729245,-17.1407040572454,53.33,97,15,1.02,Southern
324,angoram,144.8539976522119,-4.342603614334308,82.4,87,100,1.36,Southern
918,antalaha,51.7698590145518,-15.822661839779315,68.07,87,16,2.51,Southern
870,apeldoorn,5.879473829519355,52.12829544597125,46.72,94,90,5.44,Northern
302,araouane,-5.3603389638895464,19.224799459243712,94.51,21,100,7.33,Northern
672,aripuana,-61.38400513357519,-9.184629156549391,76.19,76,82,0.96,Southern
18,arman,148.60198135380165,58.59605941217586,39.06,76,100,2.32,Northern
895,armidale,151.4693870532783,-30.737997911607316,61.81,53,40,6.03,Southern
338,arona,-17.106718879557036,27.13100041357515,59.41,62,75,1.79,Northern
61,arraial do cabo,-21.475539469101136,-36.93531175385429,68.43,63,43,2.26,Southern
539,asahikawa,142.50667766746665,43.96116811005925,62.55,48,75,7.72,Northern
27,asau,177.9420558975139,-5.98756949060531,57.63,100,23,1.57,Southern
436,asfi,-10.160695768309296,32.77675131407868,62.13,85,46,3.83,Northern
851,astana,70.47919561077154,50.42869085365328,78.75,50,0,1.9,Northern
443,aswan,34.77210399090893,21.689171118959422,80.08,20,0,3.42,Northern
35,atambua,125.32971189597174,-9.7871035132477,84.47,54,9,1.54,Southern
67,atar,-12.41744900176738,21.585261360888737,81.34,21,7,3.99,Northern
781,atasu,70.02602246061244,47.017636851611854,81.25,29,0,3.96,Northern
844,atikokan,-92.22291263966021,48.28486602252627,55.27,79,82,6.75,Northern
53,atuona,-119.40170418843141,-0.7012523261136323,79.77,64,45,5.88,Southern
420,augustow,22.752176634648208,53.70527360820341,46.71,97,100,3.05,Northern
467,auki,164.03167954529772,-6.879526380001167,83.98,69,100,3.97,Southern
210,avarua,-166.86451653975783,-59.190547984917956,82.45,78,20,3.6,Southern
354,avera,-153.68964360825595,-23.281985734280326,75.54,50,100,2.93,Southern
509,avila,-4.759260242103323,40.73309839501525,52.65,65,100,1.69,Northern
191,awbari,12.511249849813879,25.422870268928662,83.64,12,1,3.24,Northern
292,axim,-2.163118705093524,-2.3247501113476545,78.82,87,100,1.97,Southern
62,aykhal,110.04077809519197,69.5668471778391,49.71,59,15,4.48,Northern
432,bac lieu,107.00496459644978,6.771167649009911,77.95,89,100,6.77,Northern
762,balakhta,91.35878175496265,55.51726011137478,53.42,73,100,4.32,Northern
284,ballina,-10.81227318695224,56.99093186211394,73.0,59,2,4.12,Northern
686,bambanglipuro,109.14718296429766,-11.887282835032707,85.55,66,27,2.55,Southern
212,bambous virieux,84.34988102623294,-29.350032320215213,68.25,94,40,3.58,Southern
149,bandarbeyla,54.68158004793716,7.862534450569484,80.13,70,100,9.03,Northern
880,bani walid,13.931221895864951,30.516146804581794,61.93,82,6,3.88,Northern
63,bara,29.818698605611985,14.053985674344077,82.29,52,66,2.41,Northern
670,barcelona,127.74682741222307,8.276192251604542,56.88,81,20,0.7,Northern
858,barcelos,-62.46866655101047,-1.9471858285104275,58.39,74,95,1.77,Southern
15,barra do garcas,-52.64496694256546,-15.770672119834089,72.39,68,80,0.83,Southern
343,barra patuca,-84.40551941285632,17.231602314090637,78.62,87,73,5.88,Northern
3,barrow,-164.49360516108112,80.61998332387122,29.98,91,45,2.67,Northern
848,barstow,-117.06736009849413,34.921960720364424,77.34,21,87,9.07,Northern
588,bartica,-59.76522294099631,6.682575714483278,73.33,99,97,0.91,Northern
833,batagay,135.83761382381937,68.01176106900834,63.21,22,100,3.89,Northern
164,batemans bay,153.94454143941562,-41.06466691874736,69.39,35,1,1.51,Southern
95,bathsheba,-47.04053050416749,17.33698466712775,81.21,65,75,6.57,Northern
471,bay city,-83.94616855397912,43.89891921463661,76.06,53,1,5.11,Northern
347,bay roberts,-52.7661677658658,44.19845270875771,43.02,89,100,3.58,Northern
962,bay saint louis,-89.21516988209972,29.89602505694795,72.63,81,6,4.04,Northern
624,bayonet point,-83.45501191738552,28.6247606046457,75.16,87,100,2.56,Northern
446,beira,36.683755217553596,-20.43164691479359,62.02,92,5,2.85,Southern
871,bekhtery,31.90587172216351,46.12614778927511,54.03,82,25,1.78,Northern
690,belmonte,-25.678393581348388,-19.18435227474393,73.83,83,11,1.21,Southern
142,beloha,42.628663941561086,-29.031016943558278,60.19,83,6,2.6,Southern
272,belyy yar,86.30326317946691,61.91683668260765,60.69,77,0,4.67,Northern
629,bemidji,-95.08052570352693,48.472735070154016,50.88,84,90,10.29,Northern
232,bengkulu,95.5275826877209,-9.265101309123352,85.55,66,98,1.03,Southern
126,berdsk,83.17733182452139,54.62099593774883,75.04,82,6,1.67,Northern
310,berea,-84.02430507874676,37.512034941128135,73.63,83,54,4.46,Northern
294,beringovskiy,177.6984967498658,58.980229215616106,32.45,98,100,2.62,Northern
340,berlevag,32.592355890252946,89.14671159545392,36.82,72,83,4.44,Northern
607,beruwala,78.6005669895182,5.8567165972319515,82.62,80,94,7.77,Northern
129,bethel,-166.23381483755338,53.02383199150921,60.64,82,93,0.89,Northern
361,bethlehem,27.953290607255013,-27.928055959876723,78.84,89,75,1.54,Southern
430,biak,136.86793040416103,2.063613843857013,83.44,68,19,3.75,Northern
189,bilibino,167.93121429256888,68.91831870149585,50.18,56,100,3.57,Northern
290,billings,-108.05565971900673,46.75467678619415,58.08,56,64,1.79,Northern
613,bilma,14.648029655040858,20.010645041570072,83.28,9,0,2.26,Northern
417,biloela,149.90663204911073,-25.18022042360478,76.75,36,0,1.42,Southern
627,bima,119.08644843865613,-7.803304070000621,90.3,56,55,0.61,Southern
182,bingol,40.1482282443005,38.71423910447652,52.29,62,0,3.42,Northern
765,bintulu,112.27563419487029,4.357621806614688,87.12,59,93,1.06,Northern
352,birnin kebbi,4.163992667993654,12.282947635532395,86.95,39,77,4.21,Northern
24,bluff,176.15011239297246,-83.94497014897595,49.8,51,72,0.84,Southern
565,boa vista,-60.71585663426883,0.4213312730970813,75.18,94,90,2.06,Northern
259,boende,20.86337240260491,-1.345061858035848,73.2,78,54,0.77,Southern
872,bom jesus,-44.06036927115025,-8.88909533670575,68.4,40,7,0.5,Southern
174,bonavista,-45.71790291013579,51.4699166633973,42.8,91,100,9.76,Northern
751,bonfim,-58.718559769594464,1.0749356649676116,76.3,90,100,2.02,Northern
262,bosaso,47.762802704429504,12.636879417331258,87.85,51,44,2.84,Northern
408,boueni,44.46973727688831,-14.457842478066397,78.78,66,2,5.97,Southern
73,bredasdorp,20.945846054486594,-70.58230078969397,54.72,71,86,2.3,Southern
251,brejo da madre de deus,-36.44661203948374,-8.033639659757654,62.94,97,21,1.63,Southern
525,breyten,30.269078987504713,-26.348456060910124,41.56,61,97,2.01,Southern
151,brigham city,-111.94787749790756,41.627229082428556,62.13,35,99,2.04,Northern
233,broken hill,143.41403954499123,-30.55884696852351,58.71,44,14,7.72,Southern
563,buala,162.3899106398856,0.3649162921067557,82.04,80,99,5.36,Northern
623,bubaque,-21.125828480054423,5.559603690725652,78.49,75,98,3.44,Northern
785,bud,4.933887369041344,67.17909113405287,73.04,90,77,3.38,Northern
745,buin,154.5992287266613,-7.333012830257701,60.89,43,68,1.61,Southern
532,bukama,26.23376152360018,-10.01091499155531,58.1,66,0,1.71,Southern
815,bulgan,102.86224431573737,49.190795083456806,54.81,51,100,7.68,Northern
746,bull savanna,-78.58055358765948,15.558831753538783,76.05,85,62,2.18,Northern
439,bullhead city,-114.60992899466682,35.57733646799049,93.65,6,1,6.17,Northern
984,bundaberg,152.15410391299844,-25.045109216387175,79.21,44,1,1.34,Southern
952,bunol,-0.7383397042434865,39.73736725052339,59.59,97,91,1.28,Northern
329,buraydah,43.415475117586965,25.749155920238763,77.45,18,0,3.59,Northern
699,burgeo,-57.08580049690943,48.060803996143335,43.57,96,100,8.16,Northern
45,busselton,94.01024594619457,-66.39983816476706,59.04,61,93,6.38,Southern
65,butaritari,167.53270291262078,3.135928534020522,82.15,77,100,7.7,Northern
493,byron bay,157.83847680389823,-27.406976177908334,73.08,54,1,1.66,Southern
153,cabedelo,-33.70568191536137,-6.31355752357274,75.87,84,28,4.95,Southern
472,cabo rojo,-68.11321222562917,17.132890582941343,78.03,83,41,3.39,Northern
132,cabo san lucas,-113.20547899298094,21.084409503024503,81.12,55,64,5.03,Northern
702,caluquembe,13.887326024039055,-13.693804284952321,50.92,59,3,0.59,Southern
739,cam ranh,112.26742646135835,10.774521344251696,87.76,62,40,2.37,Northern
268,camacha,-14.390882276484689,35.49150589257441,62.01,59,75,6.17,Northern
139,camana,-73.20585000789475,-16.714049367962957,67.62,79,100,2.65,Southern
223,camocim,-40.74461748793004,4.601189577800426,75.69,83,90,4.37,Northern
55,campbell river,-124.75617854462635,51.41621815254953,59.13,76,75,1.03,Northern
398,campoverde,-74.89150410072246,-8.695879408625885,72.18,92,29,0.62,Southern
344,cap malheureux,56.54160017118633,-18.439670419312222,70.47,81,4,1.34,Southern
479,cap-aux-meules,-61.93463697002588,47.04882412131386,46.29,95,100,12.69,Northern
8,cape town,-6.326196532423523,-75.47421371177259,56.88,78,75,2.77,Southern
33,caravelas,-34.325059041487265,-19.36275056455085,74.05,90,98,3.53,Southern
112,carnarvon,85.89795131091626,-33.20097605140076,69.87,37,100,5.66,Southern
113,castro,-94.10707805695422,-48.88472097224545,49.46,51,39,0.32,Southern
410,catalina foothills,-110.69110808229738,32.47130082984455,86.0,7,4,1.34,Northern
465,catamarca,-66.72455794265368,-27.47361966835917,58.77,69,63,0.45,Southern
890,catumbela,13.997210244736152,-12.581448288863896,73.99,60,2,1.64,Southern
307,cayenne,-42.768134836005856,17.518731175151416,79.09,90,90,3.09,Northern
882,chabahar,60.81061370892323,25.5027681110642,86.94,76,0,3.17,Northern
431,champasak,106.14899669709848,14.190368587081409,84.43,71,86,0.67,Northern
639,champerico,-93.39507903469784,10.836328613429075,80.38,68,96,2.61,Northern
947,chara,117.66968117663788,58.78594650505286,49.62,54,93,1.66,Northern
270,chardara,67.82860425241361,41.717125801033575,77.7,40,91,3.34,Northern
614,charters towers,143.98880797372084,-22.288882619004227,78.33,36,88,4.58,Southern
178,chateauneuf-les-martigues,5.1607655284679765,43.115268775867264,54.68,52,0,5.66,Northern
577,cherdyn,55.61488686454061,60.946068295361385,52.12,79,100,4.15,Northern
836,chern,36.92506759294275,53.27251000041747,53.74,79,61,3.1,Northern
104,chernyanka,37.51957229325916,50.82590477275022,57.52,78,100,2.08,Northern
456,cherskiy,163.16214262936404,66.33014820294034,63.84,33,16,7.26,Northern
927,chervone,28.880870873761893,50.0488883600579,55.38,94,97,3.08,Northern
754,chicama,-82.84279585234758,-9.868706318109844,68.11,86,40,2.65,Southern
603,chifeng,118.09400180104058,44.898633173289994,62.06,43,100,2.35,Northern
792,chimbote,-83.03748142934714,-11.069395902394263,65.46,91,76,2.9,Southern
50,chiredzi,33.190711283579816,-21.94678585438747,53.4,63,0,1.49,Southern
452,chivana,-88.00144337755424,15.75348113346945,79.92,91,96,4.4,Northern
32,chokurdakh,143.66854609666257,76.20805484629275,39.51,79,93,3.99,Northern
619,christchurch,178.6429752889486,-50.69612824280316,52.12,77,17,3.58,Southern
102,chumikan,133.61409848988075,56.86505518947965,35.19,96,100,0.61,Northern
203,chuy,-30.172824708933177,-59.8601372297708,47.05,81,1,2.64,Southern
264,cidreira,-28.19986306001769,-49.846556864463,55.11,75,0,4.85,Southern
389,clyde river,-63.63855879526106,72.17132277841134,25.03,93,99,9.77,Northern
234,coahuayana,-106.49119008278188,13.711545541875807,75.43,78,100,0.31,Northern
224,cockburn town,-71.48097740391054,27.941833614468123,79.29,79,10,8.74,Northern
943,cocoa,-80.82910285217517,28.362914658258646,74.7,77,1,0.89,Northern
772,cocorit,-109.99177595551228,28.466609508373082,84.45,18,75,2.83,Northern
267,codrington,-55.59444816002903,25.484037253882477,55.27,63,89,8.07,Northern
195,coeneo,-101.54275017690084,19.75897162790659,67.84,63,73,1.44,Northern
356,coihaique,-70.48020787659635,-46.919150017221085,33.75,100,90,1.03,Southern
856,coihueco,-69.65036805046732,-36.89381708027978,49.28,78,78,1.3,Southern
718,college,-150.00628342783702,64.7675015013771,64.17,29,27,0.89,Northern
905,comodoro rivadavia,-69.69229050582045,-44.399187048200105,43.74,76,100,3.79,Southern
188,conakry,-14.130972662223883,8.837389401150787,80.46,78,100,5.93,Northern
326,concordia,-106.0925635474078,23.38762774968359,49.78,100,0,1.79,Northern
837,constantine,5.712065652561392,36.21362261900177,58.41,77,0,0.51,Northern
296,constitucion,-116.81279756169955,19.404780711085905,54.21,81,20,3.16,Northern
571,coolum beach,158.2913448697904,-25.388008836179324,75.63,69,0,1.66,Southern
394,coquimbo,-84.42986053082716,-29.603942652754867,53.33,93,90,3.05,Southern
877,corinto,-88.77690562011028,10.597290978850651,68.2,62,0,1.18,Northern
52,corn island,-82.91629022033632,11.639726779996437,81.7,82,100,9.27,Northern
464,correntina,-45.22844789479615,-14.034694306070207,71.31,43,1,1.58,Southern
522,coruripe,-33.47899562720855,-12.783873483507293,75.99,85,34,4.68,Southern
964,cotui,-70.17023293845575,19.114006682190578,75.7,95,97,0.5,Northern
533,cozumel,-85.55927839360277,20.0173934346451,82.11,80,15,5.72,Northern
377,culaman,126.02213347160546,5.734323832613754,82.44,79,98,0.91,Northern
638,curanilahue,-73.28239498378899,-37.549039218672135,48.76,93,90,1.09,Southern
541,curico,-70.99198704056805,-35.05673908688254,48.74,100,37,2.02,Southern
388,cururupu,-43.07601655066139,-0.1283587144280034,76.03,91,10,1.57,Southern
475,dalby,150.45474951845227,-26.185593764386397,76.98,37,2,1.79,Southern
898,dali,99.33703185910065,27.10270462929276,76.93,48,78,2.47,Northern
366,daoukro,-3.9762768695007935,7.090012236519939,72.68,99,100,1.06,Northern
990,darhan,109.3689631134634,45.09014162639093,59.99,45,99,4.48,Northern
273,daru,143.97270494237443,-9.127756927983086,81.32,67,29,6.96,Southern
679,daugavpils,26.541526972879495,55.72774174688408,55.08,97,100,5.0,Northern
770,denpasar,114.45872049591247,-10.405377740423319,83.86,79,40,4.36,Southern
37,deputatskiy,141.67579645484022,70.28011960090987,50.99,32,3,8.72,Northern
553,devarkonda,79.08238158899951,16.845452560972035,91.44,42,71,9.16,Northern
827,dharchula,82.49379916380906,33.31291261967682,80.08,33,50,1.85,Northern
498,diamantino,-54.972427403291505,-12.406689814328601,74.88,69,39,1.22,Southern
305,dicabisagan,126.9281195003407,17.709373671306068,90.34,53,15,3.06,Northern
567,diffa,12.967449203873826,14.352311988576432,85.69,10,34,3.58,Northern
180,dikson,73.17093510379158,78.91104820345763,25.38,87,30,4.31,Northern
47,dingle,-18.270515041645524,54.699786312535764,87.42,63,100,2.15,Northern
585,dombarovskiy,59.98851774872412,50.15634627493938,77.45,38,50,0.67,Northern
297,dongsheng,110.77016064898368,38.926969952457995,60.51,31,70,11.38,Northern
300,dubbo,145.88001591407516,-29.812547359567432,64.53,42,6,5.66,Southern
123,dudinka,86.07622817177952,73.55805290756516,26.4,86,8,4.61,Northern
529,dukat,154.235459972213,64.27994309935866,39.87,63,93,3.4,Northern
644,dunedin,178.90849168664562,-57.47360956891744,53.8,27,73,2.68,Southern
487,dwarka,67.4229549591399,22.110705249353245,84.7,76,5,8.96,Northern
914,dzaoudzi,46.121318113144866,-13.131761801196575,78.69,69,20,5.14,Southern
716,dzhalil,52.565701556544866,55.06142037085695,53.83,78,66,3.35,Northern
605,dzhankoy,34.351592306428756,46.001807459255815,56.48,74,22,1.99,Northern
125,east london,49.80607740660213,-68.91447203296212,63.59,85,56,5.1,Southern
865,edd,42.00468234067296,13.983965914677597,86.74,62,8,0.82,Northern
399,edmundston,-68.13707573519413,47.61368878439501,62.06,92,75,1.03,Northern
489,eenhana,17.225480335879354,-16.727046704023422,52.29,53,0,3.24,Southern
656,egvekinot,-177.96120487690771,67.16044794458162,40.28,69,98,4.55,Northern
83,ekhabi,146.2295493122138,53.21060913422616,41.81,68,100,4.47,Northern
929,elko,-116.43369034958369,40.630439914406935,64.42,45,62,2.72,Northern
313,enterprise,-86.13768718840801,31.244820605514533,85.93,11,100,3.58,Northern
28,epinay-sous-senart,2.5386334378371487,48.71624777419669,49.87,94,75,0.89,Northern
507,erenhot,112.1428260171183,42.330416011383704,60.84,29,25,6.92,Northern
557,erzin,96.55959717805297,46.62211972756552,64.99,64,0,0.87,Northern
594,escanaba,-87.35338533417286,45.764287929780835,61.12,90,90,2.57,Northern
510,esperance,122.81413595257152,-32.99048412786961,61.0,62,44,4.13,Southern
966,estelle,-88.8003257664065,26.907079271241784,75.6,77,40,2.57,Northern
707,esterhazy,-102.14829560559905,50.665720717272194,38.44,79,100,5.72,Northern
696,eureka,-132.06231339759861,40.674718476735165,55.08,81,5,4.02,Northern
204,evans,-82.41016856498936,33.768168851152694,76.95,61,60,1.45,Northern
982,evanston,-110.44929572799005,40.8969139599844,72.45,72,100,1.79,Northern
303,evensk,158.426428825267,64.23296692480537,39.02,93,100,10.48,Northern
372,ewa beach,-159.75359613422523,15.262636159565886,79.95,74,90,2.36,Northern
517,exu,-39.438457260783224,-7.661666376429011,63.81,74,5,0.9,Southern
719,eyl,52.25500025127545,6.938984306261801,78.48,71,14,8.83,Northern
701,eyrarbakki,-21.432268760301042,63.54487125576776,42.21,90,95,7.08,Northern
79,faanui,-153.07810518927687,-6.477565574032113,81.01,70,11,4.57,Southern
654,fairbanks,-141.84110959409063,64.83192437726046,64.2,29,24,0.45,Northern
646,falam,93.65450866016056,22.960842575619452,68.05,87,92,1.4,Northern
728,fare,-151.0851161176864,-16.269972889811854,80.78,71,49,4.41,Southern
874,faro,-8.152225713450491,36.235208574748,65.98,59,0,2.57,Northern
816,faya,20.756613986333434,22.007679289384072,63.12,37,14,2.0,Northern
243,fernie,-115.1403640977212,48.990139233414965,52.14,96,99,1.29,Northern
542,fillan,9.016264806330497,63.50541274193327,51.24,82,66,5.1,Northern
51,flers,-0.5874048797799389,48.91470688666905,48.45,97,100,3.19,Northern
217,flinders,133.25424203774685,-35.00446030302246,68.65,49,0,3.13,Southern
801,florence,-79.49884186158391,33.851539407437485,49.06,91,0,1.03,Northern
559,florianopolis,-46.36094418658968,-27.768363128378347,56.35,79,0,1.03,Southern
942,fomboni,43.496636026641454,-12.423434344362093,78.84,66,5,6.69,Southern
893,fort frances,-94.15769007176922,48.85241434685122,59.22,67,90,8.75,Northern
166,fort nelson,-121.09682566580848,61.003507890481984,51.39,28,75,3.6,Northern
196,fortuna,-137.054900018333,38.22123119972369,54.95,67,1,2.24,Northern
938,freeport,-93.93970108051359,25.928796649097947,63.07,86,1,0.89,Northern
544,frunzivka,29.66305501930168,47.25681929786694,55.4,83,1,2.82,Northern
177,fuerte olimpo,-58.55358718839021,-21.28625232399928,67.51,49,1,1.84,Southern
998,galveston,-93.64621160775407,28.27749584837872,76.96,81,90,0.45,Northern
921,gamboma,15.165880150395424,-1.8617019165304782,72.57,81,46,0.47,Southern
200,gao,0.8330610246374022,16.6394658752436,85.95,10,21,1.38,Northern
335,garowe,46.84511658520498,8.864150493432774,73.31,74,49,9.21,Northern
513,gejiu,102.10381291558781,23.09609883883732,68.05,71,87,2.64,Northern
883,gelemso,40.58704007686302,8.081021213513367,57.11,83,11,2.74,Northern
935,genhe,121.17116131262156,51.204635486921944,49.37,56,86,1.58,Northern
777,genoa,9.07339669783508,44.55602095937931,54.18,89,40,0.89,Northern
977,george,21.935716594500406,-35.23175306913748,55.96,74,71,2.21,Southern
101,georgetown,-58.01007771800796,8.598411411062557,84.45,78,20,0.89,Northern
168,geraldton,89.4450806085024,-33.85488645555632,63.01,48,100,8.23,Southern
647,gidrotorf,43.62820935808995,56.57916875155851,49.98,77,70,2.15,Northern
524,gimli,-96.5349389703332,52.8892348749838,38.03,86,100,11.8,Northern
484,gizo,156.28422695338276,-8.20588160519273,81.99,80,100,9.09,Southern
658,gloucester,-70.4214960520334,42.54407801338516,43.52,94,7,1.83,Northern
649,gombe,11.330053517873097,10.411104789823455,82.69,52,84,3.81,Northern
442,gondanglegi,112.22057625632931,-11.305422172091923,85.71,64,10,1.41,Southern
556,gornyye klyuchi,133.67034215098153,45.39103310854594,66.7,30,20,3.94,Northern
993,goure,11.6821267327594,15.250330202203287,77.58,13,5,1.58,Northern
109,govindgarh,81.2906731159539,24.224672381388586,95.04,15,0,2.04,Northern
706,grand baie,56.346188114969635,-18.9359038238547,70.45,81,3,1.34,Southern
334,grand gaube,66.40789148117346,-13.342149843997547,70.38,81,4,1.34,Southern
805,grand-santi,-56.12465907290283,2.051896697875165,73.94,99,98,0.96,Northern
98,grindavik,-22.078310567963968,60.29501944621845,45.48,81,75,13.7,Northern
884,gua musang,101.96099227687614,4.613080503572775,86.99,66,90,0.29,Northern
726,guarapari,-36.15054391042031,-23.660930400619577,70.74,74,100,0.55,Southern
878,guasdualito,-70.64100887491988,7.437183655899247,72.84,99,100,2.17,Northern
909,guatire,-65.88749679159493,11.09533467382569,77.2,94,90,0.95,Northern
82,guerrero negro,-116.21177654093955,26.895270264143505,62.35,84,100,6.25,Northern
281,gulu,32.28931274026178,3.170562911303591,63.91,95,35,2.1,Northern
834,gunjur,-19.297796864717412,12.41533514575849,72.97,79,95,2.73,Northern
817,gunupur,83.68082031456146,18.994125257804868,86.52,34,100,0.97,Northern
999,guozhen,107.23834697424354,34.793828807963536,84.51,26,95,3.41,Northern
643,gushikawa,132.41155070378443,23.872718352794138,86.63,74,99,4.05,Northern
628,hailar,118.74790771111594,47.974795689724004,53.69,42,68,3.66,Northern
995,haines junction,-137.821039940776,58.12761944049299,51.69,61,100,0.65,Northern
156,hambantota,84.03468580423845,-0.6032018659762315,82.74,78,75,10.06,Southern
604,hami,93.69883089986354,46.22896279465343,82.78,11,0,2.01,Northern
96,hamilton,-115.1681980096658,46.56398774576866,71.53,73,69,1.64,Northern
227,hare bay,-53.82553922437377,49.83055050600831,42.4,91,100,5.02,Northern
54,harij,71.94995392841886,23.58734695410547,86.68,62,3,6.28,Northern
242,hasaki,157.06966467547807,26.07694936924773,74.16,58,100,4.41,Northern
664,havelock,-73.02949889793294,33.348247772653195,74.93,91,68,0.89,Northern
570,havoysund,24.023978639623493,75.68581235898117,36.48,71,88,1.98,Northern
597,hay river,-118.97519926537561,63.08492120837201,34.36,55,10,2.62,Northern
665,helong,129.1346746730258,41.087389622799805,62.74,41,100,5.77,Northern
285,henties bay,11.76400782952652,-22.148003914155012,63.39,77,0,3.26,Southern
99,hermanus,11.06103721729312,-50.394817145882186,49.8,67,99,2.59,Southern
283,high level,-117.58837344324414,60.30448986925731,53.71,26,75,2.63,Northern
29,hilo,-156.91765604267232,2.4089654200060835,76.35,90,19,1.79,Northern
788,hirara,127.34286310604688,20.458649969511526,82.51,76,20,6.17,Northern
58,hit,42.19266737525081,33.67509341090178,79.56,28,0,5.27,Northern
0,hithadhoo,77.25718615638789,-1.8973633134716863,84.02,66,100,9.62,Southern
10,hobart,138.79040975882134,-68.46078457212158,54.91,58,75,2.68,Southern
236,hobyo,51.0617462354393,0.805127705036,78.28,81,85,9.2,Northern
369,hofn,-15.57104540445576,63.278152024414595,44.29,83,99,4.5,Northern
866,hohhot,109.83935161428951,42.299522030670005,65.53,29,71,6.12,Northern
864,hornbaek,12.443255522444105,56.09944649234464,47.35,68,100,4.8,Northern
374,houma,-90.29036509112451,28.85853443408324,74.46,86,1,1.54,Northern
936,howard springs,131.2552249994976,-12.666397826819178,86.13,54,3,6.05,Southern
135,hualmay,-92.78082499358479,-19.58702936929656,64.99,89,49,1.73,Southern
997,huarmey,-91.73197197514592,-17.69992174364218,66.15,89,51,1.98,Southern
193,huicungo,-76.98986361542143,-7.504150108609366,69.21,99,97,0.84,Southern
246,huilong,121.36241513881316,31.79088868109784,69.98,86,100,9.77,Northern
59,husavik,-13.647642233875388,71.13296321723212,37.31,81,29,5.73,Northern
558,iara,23.528387491077893,46.58838751361972,55.26,96,100,1.17,Northern
814,ihiala,6.479747413475337,5.799451670363695,73.24,98,69,1.2,Northern
820,ilebo,21.01432756787176,-4.410446388624635,67.15,71,59,0.84,Southern
70,ilo,-73.9549394512237,-20.040410148012327,64.33,84,75,2.55,Southern
74,ilulissat,-48.14259640462518,78.21012279208028,27.79,87,100,2.5,Northern
720,impfondo,19.197141267863145,1.792552349389311,72.73,85,75,1.07,Northern
617,inirida,-67.32237199292733,3.2961873544918063,72.25,99,100,0.77,Northern
245,inuvik,-131.33365831255915,66.29818797504714,41.81,68,90,3.09,Northern
41,iqaluit,-78.18900918961559,65.92403050842799,25.7,92,90,4.02,Northern
100,iquitos,-74.24250885267212,-2.447103194717954,75.24,94,75,0.0,Southern
668,iranshahr,61.29484881675083,26.772199541643218,91.6,17,0,0.61,Northern
561,isangel,172.26620018546873,-17.940252725917418,75.52,53,45,5.23,Southern
466,ishigaki,124.02868656229174,22.414562021973936,83.12,79,10,6.36,Northern
879,isla mujeres,-85.98061847290666,21.635555292345316,82.17,80,100,6.36,Northern
512,itarema,-35.8254207468662,7.966142219426018,76.33,84,86,4.53,Northern
740,itoigawa,137.8002825612598,36.804565902744,74.61,53,94,6.06,Northern
502,itoman,130.98293559401424,18.86428739376835,86.02,74,20,5.66,Northern
490,ivybridge,-4.022160843499421,49.70044729361311,44.58,95,85,2.75,Northern
457,jalu,25.88664776455954,25.815959993879147,78.46,13,0,2.5,Northern
64,jamestown,-12.853420002539849,-35.58766111422235,68.18,90,100,2.61,Southern
732,jaque,-78.21933806236937,7.267724560339971,79.79,87,100,1.66,Northern
252,jardim,-35.992425850977696,0.6764476204406691,64.04,84,15,0.88,Northern
949,jarva-jaani,25.858843359682936,59.04774121933147,49.08,95,100,6.53,Northern
970,jever,8.038700179211844,53.87630247891528,45.91,93,40,4.93,Northern
560,jiazi,116.8044362491811,19.764216447870027,85.06,70,17,3.53,Northern
862,jiexiu,111.8576985962768,37.34436000754626,80.67,22,43,9.01,Northern
209,jiuquan,98.70814728495742,38.95183696640558,72.14,13,2,1.2,Northern
738,jizan,42.33609086570894,16.696568298391057,85.77,47,3,1.55,Northern
971,joplin,-94.62347073474689,37.19080700728212,69.21,88,20,0.0,Northern
501,jumla,84.23690686178139,30.93787558655366,67.44,41,100,0.82,Northern
807,jurado,-78.33154667794813,6.549037076268874,78.08,91,100,0.71,Northern
798,kabarnet,35.55648457135689,0.8368696538157963,52.25,93,39,1.04,Northern
796,kabinda,24.539609804817246,-5.285830722776936,61.54,54,82,2.03,Southern
908,kabrai,79.93098145654022,25.371960047247796,91.44,30,100,5.17,Northern
709,kadipaten,108.06322437298684,-6.6961397309247985,88.0,56,12,1.15,Southern
632,kaele,14.36988531742145,9.716388224147437,88.05,21,100,1.03,Northern
900,kaeng khoi,101.16172686027636,14.744019305114051,89.85,61,100,2.81,Northern
184,kahramanmaras,36.84102583156982,37.884199418884904,53.26,54,0,2.68,Northern
241,kahului,-147.80488675219686,38.30486589826182,80.19,81,63,4.47,Northern
6,kaitangata,169.9282157572888,-48.93663312158626,50.94,51,82,1.7,Southern
574,kalevala,31.86004455534814,65.03192619083865,38.93,94,100,2.26,Northern
744,kamenka,44.255706603471964,70.64746624062806,56.37,80,32,2.75,Northern
261,kanadey,47.57536392445897,53.20713149963083,56.19,75,8,3.13,Northern
566,kandrian,150.54495422443426,-7.1216120931748605,80.33,83,100,6.87,Southern
421,kanevskaya,38.83563601614014,45.982192598827055,59.09,87,3,2.05,Northern
428,kangaatsiaq,-55.62843580920013,68.47048152057138,30.65,61,39,1.76,Northern
97,kapaa,-163.85020252321993,34.014498812148815,81.45,68,35,0.89,Northern
835,karasburg,19.10666907137184,-27.27806165291146,54.21,56,0,0.39,Southern
901,karasjok,24.70736755022341,68.94210048757756,37.51,80,86,1.16,Northern
829,kargopol,38.1994670934628,61.106266690138625,39.67,87,100,1.73,Northern
88,karimganj,92.1771837893769,25.26499312672165,78.55,94,100,1.18,Northern
342,karpogory,43.917806226784364,64.07559951830083,34.83,82,94,3.02,Northern
791,karratha,111.78988662211509,-19.77673387846731,77.49,41,24,9.59,Southern
333,kasangulu,16.255584141409628,-4.982092619831533,74.28,71,54,1.46,Southern
766,kashi,75.40377728997188,38.38478581875782,75.9,14,100,0.39,Northern
771,kasongo,26.44751919840877,-4.273745102534846,64.98,69,36,1.36,Southern
593,kaspiyskiy,48.09865148622757,44.414514627949785,66.34,75,93,5.55,Northern
667,kastamonu,33.35148395180889,42.38011474007709,47.64,56,4,0.27,Northern
319,katherine,131.4932364836813,-13.782512363603786,88.12,35,0,7.67,Southern
551,kathmandu,85.14858878115137,28.99417250538056,66.42,100,90,1.54,Northern
572,katima mulilo,23.703952548802988,-17.244264318286483,50.13,78,0,1.32,Southern
152,katsuura,153.8069736194633,21.224931942943684,74.77,76,100,6.99,Northern
547,kautokeino,23.492693545835976,68.14761371795049,30.31,89,77,1.5,Northern
237,kavaratti,65.60764452830838,9.777834049266417,83.59,74,100,7.83,Northern
42,kavieng,150.91826619360324,-0.358376397444502,81.14,82,100,2.82,Southern
994,kazachinskoye,93.47810873991085,58.04444239392345,50.02,31,95,5.25,Northern
676,kedrovka,85.93171626889978,55.58444736818407,59.88,95,100,1.52,Northern
661,keelung,121.9272748972781,25.827680496140886,89.69,68,46,1.81,Northern
327,kemijarvi,27.906379705365282,67.79243969079354,39.78,85,97,1.7,Northern
811,kempsey,152.31726548174504,-31.09100735767975,72.95,67,28,0.89,Southern
618,kenai,-154.52782182113663,62.88448493012652,68.02,64,38,4.22,Northern
973,kendari,122.85127708983345,-4.259576152352153,86.74,64,45,1.38,Southern
967,kenora,-94.34783095175906,49.46931088715522,39.36,95,100,6.9,Northern
583,khabary,79.43423794294768,53.512504345784635,82.49,39,11,2.02,Northern
769,khani,121.41807287412422,55.99983452476641,51.37,89,13,0.89,Northern
881,khanino,36.71893844202512,54.18903167072929,50.11,78,85,2.3,Northern
683,khasan,131.13995439128837,41.78502851626476,59.65,51,95,5.14,Northern
75,khatanga,96.20653438145871,84.43414434107433,32.29,100,100,2.82,Northern
750,khromtau,58.576634983591305,49.899737667438046,77.38,33,23,1.78,Northern
959,khuzhir,107.49671878606898,54.61570488532183,41.7,89,100,3.09,Northern
538,kiama,159.02109167084268,-39.1023584131579,68.68,46,0,7.15,Southern
955,kichera,110.58028188824426,56.038662814739666,48.69,59,97,3.12,Northern
543,kieta,157.8477407282005,-4.864903512436399,81.32,85,100,3.15,Southern
924,kirakira,158.28607982191158,-15.82331258115876,82.6,66,98,5.01,Southern
390,kirillov,39.08123290549716,60.12194761207624,40.93,82,95,2.07,Northern
760,kirksville,-92.69192691686031,39.80982996418945,68.95,90,20,2.24,Northern
601,kisanga,37.72356741279992,-7.664271924828029,64.69,83,79,1.5,Southern
72,klaksvik,-6.052873324803272,77.80696920211406,47.32,89,69,8.0,Northern
167,kloulklubed,133.01953600415328,3.684889620508997,81.1,71,97,1.48,Northern
38,kodiak,-149.14181719610042,41.53240961110674,55.35,59,0,1.57,Northern
609,kolyvan,82.17474856330142,55.97026424085979,73.02,67,26,2.18,Northern
612,kondopoga,33.74004137944823,62.353647125443615,39.06,76,100,2.0,Northern
199,korla,87.15290823666214,42.215483354697824,82.92,13,0,3.63,Northern
413,kosa,54.73127343370325,59.73254512471661,50.36,86,85,4.42,Northern
130,kosh-agach,88.7073663608324,49.801071411659876,61.34,43,35,3.78,Northern
353,kouango,20.21324221872905,4.646767767452218,73.17,76,76,1.76,Northern
511,koumac,163.13978692606258,-21.288364092233238,74.79,50,11,5.55,Southern
640,koungou,45.80855910714732,-11.564239501401403,78.51,69,20,5.59,Southern
899,koutiala,-5.428528289102644,11.952846129928531,86.52,46,85,2.4,Northern
171,koutsouras,26.738566295592193,33.89952392649165,73.76,54,0,2.73,Northern
306,krasnoselkup,82.44568778211925,66.40259852283495,36.16,45,15,3.72,Northern
976,kribi,9.818294709686427,2.6486773734436753,78.39,89,100,1.05,Northern
950,kropotkin,116.00443087262585,59.49288554356869,57.92,90,17,1.01,Northern
589,kroya,108.04108768761358,-11.21729840010886,85.28,68,39,1.08,Southern
425,kruisfontein,28.651010898166447,-84.443573102655,55.85,90,92,2.19,Southern
265,kuching,109.06926177902056,5.431454275172385,89.82,70,40,1.54,Northern
784,kudahuvadhoo,69.38342471461743,1.7865842405590655,84.25,73,100,9.89,Northern
596,kulhudhuffushi,68.37765134730137,7.329005943739659,82.49,74,100,12.3,Northern
809,kumluca,29.441940131816153,34.35497126469288,75.97,46,0,1.28,Northern
293,kurilsk,146.41762983008863,47.05444337432402,40.12,93,100,6.03,Northern
416,kurumkan,110.49217361334644,53.74753839091832,52.99,44,100,1.02,Northern
280,kutum,25.44103533297624,18.43490328837248,75.99,35,47,3.01,Northern
447,kuytun,85.36289264703186,43.58719337986963,47.55,76,100,4.4,Northern
468,kyotera,31.75009028621386,-0.6421456341045086,60.03,87,92,1.55,Southern
87,kyra,111.42853934903923,48.88109575903198,49.62,60,100,5.45,Northern
562,kyshtovka,77.59384142512056,58.07880625997669,71.02,55,18,2.79,Northern
304,la libertad,-89.71158731308623,11.425555628222995,72.72,85,85,4.18,Northern
555,la palma,-81.24619660339405,4.4850367613731095,70.68,68,75,2.24,Northern
666,la rioja,-68.51111748034248,-29.5962267447998,39.94,81,82,0.92,Southern
269,la ronge,-106.96632972312388,61.85057858868694,43.05,33,20,5.66,Northern
946,labuan,112.89616190809039,7.616838191243431,89.76,69,77,0.87,Northern
626,labuhan,92.1719780829743,-22.64445775685688,86.83,65,37,5.21,Southern
16,ladozhskaya,40.01319041889096,45.331906071536935,52.86,90,7,0.61,Northern
852,lago da pedra,-45.4705461250268,-4.452522670909502,73.63,87,9,1.01,Southern
162,lagoa,-29.19340362621412,43.264090746609725,63.27,92,100,8.66,Northern
176,laguna,-34.709330939751766,-39.53761543521397,74.64,43,1,2.68,Southern
693,lahij,44.07462257434116,12.469783989579753,79.05,70,85,1.67,Northern
867,lakatoro,170.25407357265476,-15.46941166839052,78.08,52,100,3.18,Southern
934,lalmohan,90.93409911533928,21.461292876312044,82.38,78,98,14.25,Northern
926,languyan,119.7249697533112,5.453413932825683,86.68,64,21,1.03,Northern
758,lanxi,119.51649792190699,29.683208101230278,80.1,73,100,1.75,Northern
429,lasa,89.55572032878814,34.50578598457585,38.35,67,16,0.94,Northern
141,lata,164.45570698565427,-12.393048394853764,57.45,87,99,0.64,Southern
948,launceston,147.714105263615,-41.752041351242895,55.04,76,90,4.22,Southern
818,laurinburg,-79.34419861196614,34.48673775208023,76.23,76,1,2.06,Northern
444,lavrentiya,-170.02120096938745,68.16841384164059,38.77,80,42,4.26,Northern
729,lazaro cardenas,-111.29730274744466,0.38090142940552596,78.73,70,7,2.33,Northern
915,lebork,17.931861454684707,54.70931265921928,45.34,97,27,4.93,Northern
49,lebu,-97.10914020601685,-29.74294052512618,53.64,90,99,2.09,Southern
207,leh,78.08643463125719,33.433786650770585,43.18,47,85,0.31,Northern
868,leiyang,112.67862012563774,26.101979672188875,88.07,64,83,4.46,Northern
131,lejanias,-74.08719712031774,3.6284411046789558,69.6,99,100,0.22,Northern
415,leningradskiy,177.29564181770894,69.49993977769472,37.24,83,30,4.33,Northern
774,leshan,103.27025141817495,28.730442247072986,65.08,90,100,1.12,Northern
183,lethem,-60.42051475841815,4.480106152947471,75.51,93,96,2.52,Northern
822,leticia,-69.69052335558959,-3.8449086338737004,72.54,98,94,0.19,Southern
402,lexington,-99.6012257908566,42.54252442161709,73.38,65,68,3.39,Northern
226,lezajsk,22.57862188109769,50.23960555687418,45.73,92,56,3.64,Northern
478,lima,-82.03806469985668,-14.760446273763392,60.58,73,90,2.06,Southern
645,lincoln,176.39567615040966,-49.10176152109023,71.42,72,80,0.45,Southern
825,ljungby,13.515022182099528,56.6496097850235,46.33,97,68,2.61,Northern
600,lodja,24.03587673152461,-3.672339848473655,66.56,72,34,1.03,Southern
9,lompoc,-125.89308157639388,27.3635532336978,56.08,78,75,12.52,Northern
550,longyearbyen,27.105364385226636,87.16769902036819,30.04,74,75,7.2,Northern
225,lorengau,145.17572364720093,-0.497885935312965,78.53,91,100,4.22,Southern
17,los llanos de aridane,-24.925017640083695,28.94582861133138,59.13,80,90,6.79,Northern
717,lucapa,20.86796536763029,-7.73694873667074,57.2,59,6,1.77,Southern
76,luderitz,-2.901181434692262,-37.318399384863596,60.4,76,0,6.43,Southern
461,luena,19.491023995130007,-10.942109565868904,49.37,67,9,1.72,Southern
653,lumeje,21.48819263795886,-11.516020675511683,53.22,59,9,2.47,Southern
208,lund,13.116075666018844,55.62741496058237,47.25,89,64,3.18,Northern
376,lyuban,27.85314754326052,52.09262281801193,57.04,95,100,6.17,Northern
821,maamba,27.146704430203243,-17.269028471098423,53.35,71,0,0.7,Southern
418,maan,124.61186982563385,5.673204983467812,83.1,81,97,1.58,Northern
391,maceio,-29.13751177985162,-14.340570486032249,76.44,94,75,5.78,Southern
473,macenta,-9.362527296419756,8.54801188167319,69.75,99,100,0.33,Northern
213,madaba,35.87601389971127,31.68259991007504,58.01,45,0,0.43,Northern
602,mahasamund,82.1467660873534,20.98368474015983,93.33,16,100,4.55,Northern
175,mahebourg,68.02953921349896,-36.21152019468694,68.29,94,40,1.54,Southern
158,mahendranagar,80.7630334594424,29.193608836400912,89.73,36,62,1.14,Northern
759,mahibadhoo,63.92863764091672,4.808691752614777,84.0,77,100,9.98,Northern
503,maiduguri,13.446824466819464,12.519858173410071,81.19,14,98,2.1,Northern
328,makakilo city,-165.6971887448482,6.663365935774806,78.62,73,90,2.54,Northern
941,makat,53.357879973656225,47.71425629421404,85.41,17,5,1.92,Northern
520,makhinjauri,41.116251722936,41.92979742202121,58.86,94,75,1.72,Northern
787,makinsk,69.68162186839615,52.313081506158596,79.95,29,4,4.11,Northern
295,malakal,32.15507144181157,10.03008609127599,81.84,59,28,2.38,Northern
887,malartic,-78.03761353607135,47.37080447039389,65.52,95,68,4.89,Northern
743,malaya purga,53.0146253586955,56.59664218394187,52.5,81,1,3.88,Northern
549,malazgirt,42.08047603456501,39.306347166200965,51.57,80,0,0.72,Northern
359,maldonado,-50.924819838600115,-40.66092153972803,54.23,73,3,1.95,Southern
902,malko tarnovo,27.550354463154804,41.69736291693502,53.58,65,100,0.75,Northern
578,maltahohe,16.85002003577165,-24.214216537918716,54.55,47,0,1.51,Southern
133,mamallapuram,82.89527442825158,11.53238447220582,84.25,57,93,6.37,Northern
736,man,-7.528234329783061,7.578252952904549,73.08,97,100,1.12,Northern
940,manadhoo,74.3359318998495,5.467902084485615,83.41,75,100,11.11,Northern
451,mananjary,49.717955727320145,-21.83343741572473,64.81,91,14,1.85,Southern
803,mandera,41.08614271500187,5.0968745236757655,73.18,67,30,3.01,Northern
85,mantua,-86.94619724415534,25.4878704917424,52.83,81,16,2.93,Northern
43,manyana,22.208056145076142,-22.67163835809835,50.27,49,33,2.21,Southern
889,manzhouli,116.90149156434472,46.64213433474964,54.23,42,89,0.94,Northern
239,mar del plata,-35.1865630221117,-62.13653332189534,46.2,69,75,4.02,Southern
711,marau,-38.88627893469186,-14.070345319390555,44.89,76,0,0.71,Southern
249,marawi,27.26161741205155,19.712420101994596,69.84,94,90,0.29,Northern
314,marfino,49.6176935984966,45.73609763071241,49.62,65,66,1.32,Northern
364,margate,40.00952203979551,-38.14414918099826,45.5,79,100,0.45,Southern
876,mariveles,120.32505851132862,14.347524380343259,86.34,64,39,2.02,Northern
648,marsa matruh,26.779799966901066,28.812324927872552,70.21,63,0,2.89,Northern
932,marsh harbour,-76.75054623269324,29.418276228698232,75.76,72,0,6.74,Northern
906,marystown,-54.42218859949311,44.58697437715554,42.75,93,100,8.47,Northern
253,marzuq,15.818621128826237,23.394358906074544,76.6,50,68,1.98,Northern
495,mataram,115.99353617311544,-8.612055370775607,88.61,65,11,1.16,Southern
26,mataura,-156.22471032544263,-60.915010768316286,49.48,57,89,0.5,Southern
961,matay,27.577383180191987,27.49795436387963,72.81,38,0,5.16,Northern
756,mathathane,28.78266683803571,-22.769684754772143,53.26,70,52,1.0,Southern
965,maumere,122.29352961128905,-7.7497581548577585,84.36,66,15,0.44,Southern
635,maunabo,-65.24237842083235,16.106269926082803,78.91,89,100,5.44,Northern
254,mayo,-138.1813053026778,63.91815093187921,66.58,91,75,2.68,Northern
794,mayskiy,138.90866608132154,48.481570613643385,53.01,82,12,3.61,Northern
783,mayumba,10.255457391950017,-3.3061320370798484,77.36,93,34,3.02,Southern
657,mbaiki,17.54977319829601,3.7135417716100534,72.3,76,73,1.14,Northern
89,mbutuy,-56.37321116942212,-24.978353094118546,64.62,45,91,1.47,Southern
591,meadow lake,-108.16764257607022,57.44320592032395,71.29,11,67,3.62,Northern
220,meadville,-80.21310543383585,41.82360829617929,63.68,91,87,2.82,Northern
937,mecca,40.332728712571,21.148046719431676,87.58,30,76,2.26,Northern
287,mednogorsk,57.757178043012345,51.47357292398357,74.41,45,9,2.4,Northern
248,mehamn,28.90312326065782,78.58786276806342,36.52,74,84,4.03,Northern
375,melilla,-2.6882225224646845,35.669457664100264,66.58,82,75,4.63,Northern
897,mercedes,-59.590326374692964,-34.742780512719676,44.31,75,9,1.16,Southern
674,mersing,104.13798049820122,2.9209259420424445,85.23,74,99,2.21,Northern
187,mesyagutovo,58.36800469914712,55.57928613013266,55.96,72,94,4.77,Northern
341,methoni,21.496827006147583,35.045965053597584,58.86,58,35,5.42,Northern
381,meulaboh,88.91901971271096,-1.2649040749385563,85.06,67,75,2.46,Southern
682,mianwali,71.47367615185928,32.584076571603376,93.99,13,0,1.94,Northern
910,mikuni,136.04793523492037,36.18305866890344,65.05,51,100,2.22,Northern
799,mildura,141.52851261222185,-33.40779552714563,58.06,66,69,6.31,Southern
669,miles city,-106.04684162043023,45.65900772006333,52.77,62,1,4.12,Northern
481,minab,58.48489351843497,27.374673386473404,81.9,27,0,1.45,Northern
956,minggang,113.78551503194899,32.33660302644519,71.44,69,100,4.47,Northern
450,mitsamiouli,42.84648694949408,-9.451762272737952,77.72,70,8,4.17,Southern
960,mitu,-70.27113527649645,1.66811193070059,71.56,100,100,0.28,Northern
387,mkushi,29.97144934570531,-14.284136098587567,47.07,78,0,1.83,Southern
480,mlonggo,110.27255450570169,-5.732251531826634,87.69,63,30,2.9,Southern
723,moba,29.52074468671691,-7.229358693361945,65.82,37,100,2.28,Southern
373,moindou,163.37160733051917,-25.36945437712042,75.15,53,64,4.78,Southern
569,mollendo,-72.55852298846034,-17.632811971763005,65.43,83,100,1.2,Southern
360,morales,-88.97356753315103,15.668814486182868,59.47,96,58,0.96,Northern
892,moratuwa,78.8572165000349,6.41462196395895,84.22,81,100,7.71,Northern
523,moron,100.7138864931938,49.326184292328406,49.73,86,9,0.61,Northern
712,morondava,42.086175090820745,-18.68111511563083,65.95,88,1,3.09,Southern
462,morros,-46.035245347979185,-9.347354524330953,70.97,45,9,1.34,Southern
215,mosquera,-80.73106339072669,3.8057895355645,53.69,87,75,5.14,Northern
576,mount gambier,127.26065771292718,-56.22470967741884,55.85,61,87,5.03,Southern
694,mount isa,139.9439324021845,-19.468463154102736,80.37,32,6,3.6,Southern
255,moussoro,17.322138478292402,16.04441428789511,79.47,12,15,2.12,Northern
392,moyale,39.819912865423845,4.0581879653267094,63.3,84,79,2.25,Northern
384,muana,-49.43151639696583,-0.7645028357245849,76.15,88,9,1.77,Southern
282,mugur-aksy,89.88786256242184,49.66784573613987,56.93,48,40,5.3,Northern
211,muli,77.07744406767716,2.553637393062715,84.02,76,85,10.31,Northern
839,mungaoli,78.00943330818421,24.242995963892895,96.19,11,34,4.19,Northern
60,muroto,135.51677778407281,28.6438585496182,69.84,65,100,3.88,Northern
257,mwaya,34.18592239552419,-9.453037208201692,67.66,79,88,0.99,Southern
731,myitkyina,97.13625591010839,25.21249069382263,82.81,79,89,0.35,Northern
323,najran,47.89366269181775,17.09090660405188,75.85,31,4,2.07,Northern
275,nalut,11.205562695061843,31.717572592459263,71.13,53,0,5.75,Northern
169,namanga,36.69346863904195,-2.5617006755864793,60.12,79,100,2.03,Southern
620,namatanai,156.0744341881417,1.2778589862471392,80.06,85,100,2.45,Northern
587,nambucca heads,153.55531148839208,-30.984504368287617,68.0,51,53,0.6,Southern
147,namibe,9.324976591080429,-17.838536909509884,74.37,62,0,2.14,Southern
346,namtsy,129.10204359189578,64.23473676040584,62.71,36,99,1.43,Northern
365,nanortalik,-46.93780127126192,53.73734089337938,33.8,78,87,5.1,Northern
786,nantucket,-70.40842087331754,40.70639159755876,57.63,91,100,9.91,Northern
145,narsaq,-61.33192136779941,80.1571461920374,32.7,74,75,0.73,Northern
409,naryan-mar,51.863857317209266,68.03288237934743,34.97,57,27,4.91,Northern
453,navirai,-54.08746562439734,-22.991988662917578,64.47,40,78,1.77,Southern
496,naze,132.51399735576513,28.67104600647305,63.52,68,100,2.85,Northern
136,necochea,-54.19763099505738,-46.88062975809763,45.63,55,75,4.39,Southern
860,neiafu,-172.48971879202497,-17.827005766689325,72.28,94,90,0.0,Southern
779,nemuro,150.78001983637023,35.57336927773456,47.59,89,66,4.42,Northern
891,nerchinskiy zavod,119.39464664440163,51.68189865380984,48.2,58,100,1.4,Northern
793,nesna,12.904421899780345,66.93194902639723,42.58,70,27,4.44,Northern
385,neuquen,-67.76883294530765,-37.523387025699705,46.29,81,0,1.54,Southern
19,new norfolk,135.82101778011037,-72.0301548929045,52.41,55,100,1.79,Southern
688,newport,-124.77460311453275,44.89300401790382,43.56,89,5,3.1,Northern
231,ngunguru,178.7932454895593,-31.30883411333555,56.16,74,76,8.65,Southern
663,nhulunbuy,139.91130622666128,-13.159458280194244,75.81,94,75,7.72,Southern
219,nicolas bravo,-89.00415645049766,18.65435009250203,78.96,80,13,2.08,Northern
247,nieuw amsterdam,-55.47257147624107,9.74806088188241,78.03,94,84,2.9,Northern
148,nikolskoye,177.36277847523763,46.106523913733696,47.21,84,93,3.82,Northern
616,ninghai,121.80536075302234,37.471892411892824,78.89,76,100,1.36,Northern
122,nioro,-10.546620095061485,15.74537889458756,75.6,66,54,3.13,Northern
776,niquero,-78.393533169256,19.58485927950082,76.69,88,1,6.94,Northern
573,nishihara,128.90913685470622,25.172011622843087,85.28,74,20,4.21,Northern
230,nizhniy odes,54.526699494343035,63.687734378591585,36.36,82,100,4.66,Northern
535,nizwa,56.8995080646265,19.49875422749352,88.83,22,0,1.59,Northern
194,nkoteng,11.942857604646548,4.332046580424873,70.7,98,97,2.29,Northern
608,nogliki,143.45271662742653,52.65193810747837,40.26,70,100,5.14,Northern
677,nola,17.070121984701387,3.3442709791466285,59.7,89,90,0.81,Northern
78,nome,-163.21490209514246,67.31286034589525,67.15,34,15,0.96,Northern
127,norman wells,-125.98008955507426,71.97309475428247,60.84,21,75,6.69,Northern
448,normandin,-72.76317511852562,49.32958490533434,59.09,95,99,1.74,Northern
713,north myrtle beach,-78.8226617643211,34.17281386439413,73.81,90,99,0.45,Northern
824,north platte,-100.85446399143895,40.28066673475104,65.34,48,16,2.68,Northern
380,nouadhibou,-17.602404722806,24.20720287402915,65.14,86,0,9.68,Northern
698,novikovo,144.8940374723615,45.74595322356353,57.42,77,100,2.41,Northern
981,nshamba,31.232840533161607,-2.0827242417111336,59.76,79,22,2.1,Southern
705,nuristan,70.00712468046558,35.060637700549876,43.23,46,1,3.57,Northern
298,nuuk,-49.4064095973213,64.99476041653742,32.74,79,18,4.56,Northern
165,oakland,-69.68791877735953,44.45257569369468,75.52,58,94,1.79,Northern
685,obigarm,69.45383307593812,38.47837360079967,64.62,58,28,2.49,Northern
124,ocos,-95.20062324894423,11.323899694424497,80.85,66,100,2.28,Northern
846,oga,138.44513936713548,40.1805362411402,30.15,72,9,1.55,Northern
928,oistins,-54.92510479146517,12.49855727120574,79.7,77,73,6.8,Northern
505,okha,143.17795434144296,55.14662578974577,40.5,71,100,4.28,Northern
826,okhotsk,142.89828913292155,59.42781238361033,50.77,50,84,1.46,Northern
458,okitipupa,5.092353586086006,6.419056337903569,75.52,98,100,0.63,Northern
497,oktyabrskiy,153.19660475046174,52.5306681060851,55.67,76,35,4.32,Northern
138,ola,153.5038502872307,57.36670371687566,40.57,76,100,1.35,Northern
675,olafsvik,-29.204663483204087,61.30980216051029,46.29,81,96,7.84,Northern
186,olga,136.0734531309365,42.109289313063584,64.6,32,95,4.08,Northern
357,omboue,2.61566841852283,-4.672949606790411,77.11,94,87,2.8,Southern
93,omsukchan,157.90384316851436,64.8170973323389,41.68,61,94,2.93,Northern
636,onega,37.6797741757936,64.6870398949047,36.39,73,13,2.18,Northern
437,onverwacht,-55.0592522089575,5.483749038838781,77.86,99,86,1.02,Northern
116,oranjemund,15.700703318601143,-29.507802567977294,57.33,97,38,4.18,Southern
595,ormara,64.85258198184724,26.353790306436053,84.81,86,0,4.94,Northern
986,ormond beach,-78.97797256082468,30.238459508543414,74.57,78,20,3.13,Northern
830,ornskoldsvik,17.513057537703332,64.57579199302333,43.75,81,20,3.62,Northern
622,ostashkov,33.26228377481689,57.41946178918812,49.95,80,74,3.19,Northern
687,ostrovnoy,43.33752511336212,71.30146038614811,35.28,69,11,3.02,Northern
482,otradnoye,145.47302223865677,45.65023407494198,45.95,84,92,3.88,Northern
34,otukpo,8.731971547902049,7.090152196574053,75.27,89,87,2.73,Northern
747,ozernovskiy,155.8608258763599,51.841480398209484,41.97,77,100,1.7,Northern
598,paamiut,-49.995649438480996,58.44588810386469,35.51,69,81,4.01,Northern
77,pacific grove,-130.73457049149644,29.28485617779924,55.06,82,17,1.34,Northern
610,paciran,113.08213775329585,-5.29814039979675,86.63,65,44,5.35,Southern
476,padang,92.01494407365016,-7.428278747666766,86.05,66,86,1.11,Southern
637,padrauna,84.03768751830609,26.68244002192192,81.9,69,100,3.02,Northern
150,palmer,-145.22475106241728,55.12381872950533,61.32,74,96,0.45,Northern
315,pancol,119.36959388322731,10.911548301411997,87.53,63,24,1.27,Northern
536,pangkalanbuun,112.07938822804289,-2.3206397418203295,90.68,56,59,2.01,Southern
634,pangnirtung,-62.77545582051451,66.64203581486086,16.41,92,98,3.07,Northern
411,panji,114.34965934651206,-7.410558547723596,87.48,58,14,3.17,Southern
912,papara,-150.34398794785213,-19.35341981751266,79.2,94,16,1.51,Southern
957,parabel,81.81980488168341,59.57413735450561,53.8,47,51,3.53,Northern
521,parangan,119.58596928905496,5.380958829192053,84.69,69,23,2.25,Northern
349,pasighat,95.10980189771612,27.96275778923021,78.3,89,100,1.24,Northern
486,paso de los toros,-56.247405820287796,-32.981883031179514,48.11,87,0,0.84,Southern
103,pattani,101.26046861026725,6.887725915985413,83.91,72,100,0.86,Northern
322,paulo ramos,-46.16220059375007,-4.41354295331044,73.89,87,9,1.1,Southern
857,payo,125.83771449652437,14.904243794203325,87.17,61,27,1.57,Northern
733,pecos,-102.99238755472682,31.573503121966695,84.29,34,40,7.72,Northern
423,peleduy,113.88301959397569,59.43059838340855,59.97,34,6,4.45,Northern
179,pemangkat,107.95571227665812,5.319338982795188,85.5,68,99,1.33,Northern
263,peniche,-12.62162455819626,40.8887141912102,56.23,88,95,7.76,Northern
160,pervoavgustovskiy,35.139067056822654,52.269501889253576,55.99,78,95,2.93,Northern
378,pervomayskoye,85.73352743078453,57.65866281143431,59.45,92,100,6.51,Northern
819,petropavlovsk-kamchatskiy,164.14211315128875,45.18752232049749,48.79,53,40,5.66,Northern
118,pevek,168.91469042783297,84.62907226397081,33.4,86,100,1.32,Northern
367,phatthalung,100.06261467887248,7.68793282594055,85.17,68,99,0.49,Northern
508,phayao,99.84094015569173,19.219017638837755,83.66,72,94,1.42,Northern
845,phonhong,102.5452814233501,18.420778729901556,85.82,81,49,0.36,Northern
592,pimentel,-84.24934737917975,-9.343655597895335,66.0,86,72,1.79,Southern
715,piracuruca,-41.77538631238582,-3.7848419445639934,74.43,83,22,1.51,Southern
492,pirovskoye,92.53278009156571,57.68791698604471,49.48,33,37,5.14,Northern
260,pisco,-77.79417533959786,-14.66453488482999,64.45,94,90,1.03,Southern
491,pitimbu,-27.889691243840417,-7.586982075845739,77.72,83,18,4.89,Southern
488,pitsunda,39.96017541661598,42.93915058170427,60.98,80,7,1.91,Northern
988,plast,60.502438536171866,54.457315701364934,63.5,69,69,9.19,Northern
434,plouzane,-7.385693407925487,47.07520852942332,53.38,94,90,6.19,Northern
110,pochutla,-95.91664323180457,9.81165706673616,80.82,78,92,1.51,Northern
930,pokhara,84.87433417503735,31.69608546023666,74.35,80,100,1.16,Northern
91,polson,-114.74041072221368,47.21382687262971,54.21,65,84,0.26,Northern
424,ponta delgada,-27.698283447977303,34.54275559371,65.12,94,40,5.66,Northern
114,ponta do sol,-24.927273123903603,21.520000116493193,63.54,67,100,2.64,Northern
546,porirua,174.51596691057267,-40.81358443730794,55.13,77,0,1.34,Southern
974,poronaysk,145.06688041838078,48.42673602563417,37.78,99,100,3.52,Northern
108,port alfred,33.35248597625184,-48.950556174763584,62.2,88,53,4.88,Southern
286,port blair,92.70204445400162,10.502754670104821,84.79,81,94,9.65,Northern
117,port elizabeth,26.242305654644582,-37.044180082341754,59.29,88,0,4.63,Southern
579,port hardy,-130.60483515817202,48.585551079350324,50.47,79,100,3.46,Northern
514,port hawkesbury,-61.59271102660114,45.30224868762744,50.63,73,90,0.89,Northern
469,port hedland,119.464254801874,-22.311446361316413,77.05,29,100,7.72,Southern
71,port keats,129.99884907217114,-13.902284895228092,90.68,35,3,4.31,Southern
256,port lincoln,132.2263138789233,-42.597167565192464,58.91,61,98,5.95,Southern
847,port macquarie,156.04403538937993,-32.400466163920235,72.9,49,33,2.1,Southern
318,port-gentil,1.0195623219873085,-4.8623438947517315,79.86,87,100,6.15,Southern
155,portland,129.99989040997235,-56.305958305704394,57.38,80,87,0.45,Southern
919,porto novo,-28.9348786370073,16.005859276498157,79.61,87,94,3.51,Northern
886,porto velho,-63.3128795323385,-8.546810382889163,73.45,94,20,1.03,Southern
499,poum,163.29597735371436,-17.489115987838858,73.8,55,24,7.15,Southern
780,pozhva,55.84343095182021,59.46085234038324,52.63,79,49,4.09,Northern
485,praia,-21.36166780618106,10.927839520594944,70.79,80,0,6.55,Northern
978,praia da vitoria,-22.02042613107605,47.458269894685685,64.76,98,99,5.74,Northern
684,pravda,142.15545532594496,46.865125208475405,44.6,96,100,2.84,Northern
107,praya,117.19339605009054,-10.79310097404587,72.14,78,0,7.72,Southern
606,preobrazheniye,133.84532606961142,42.094962532792806,58.69,56,33,6.92,Northern
363,presidencia roque saenz pena,-62.2269221069722,-26.429059619061427,57.9,61,28,2.06,Southern
953,presidente medici,-62.49768014863045,-11.927070733238025,73.27,89,46,0.84,Southern
276,prieska,22.483604764460125,-29.562224410588712,55.27,51,0,2.58,Southern
575,prilep,21.717446071226476,41.25917377834935,54.07,88,0,1.66,Northern
753,providencia,-111.3510423163387,28.825297794951013,80.01,21,83,3.64,Northern
39,provideniya,-171.59421979740776,61.42525477913037,46.51,57,0,8.0,Northern
308,puerto ayacucho,-65.85364116596264,5.057905799609188,75.33,94,92,1.4,Northern
22,puerto ayora,-107.62296105911282,-12.522901007406347,74.55,90,16,2.68,Southern
854,puerto baquerizo moreno,-88.73038178488638,1.4481028835317034,73.89,79,10,4.21,Northern
727,puerto del rosario,-13.2232947217596,24.60080724638297,65.95,68,41,5.66,Northern
823,puerto escondido,-97.81633272156986,10.738247733026057,85.03,74,75,1.54,Northern
154,puerto leguizamo,-74.83084783172484,-0.8356688330047888,71.65,99,90,1.07,Southern
56,punta arenas,-86.16163292954604,-76.71188009124793,33.91,80,20,5.07,Southern
13,qaanaaq,-89.63855422349916,82.47597548229518,28.65,71,10,3.37,Northern
173,qaqortoq,-49.19643523397718,56.97945551542219,34.63,70,71,2.4,Northern
371,qasigiannguit,-48.55735164542958,66.85344769115363,26.49,88,100,2.22,Northern
229,quatre cocos,73.67745623245577,-17.511581096962303,70.09,77,7,3.49,Southern
477,quballat,9.577707417905117,36.71042543823674,57.42,61,94,0.5,Northern
568,quthing,27.57017711052805,-30.830053605107345,45.64,70,21,1.43,Southern
659,quzhou,118.71898326411963,28.2960219388667,83.55,72,95,3.75,Northern
197,radomsko,19.540830343041847,51.12870452494249,42.04,93,2,3.88,Northern
106,radovljica,14.193423839226682,46.331811545732194,41.63,99,97,0.42,Northern
755,raga,25.231612136915572,6.835796402983519,75.54,69,93,1.74,Northern
782,rathkeale,-8.87197445811384,52.51308861966643,42.31,87,0,1.32,Northern
321,raudeberg,0.03564060338993613,69.89397445364233,50.76,85,98,5.29,Northern
975,rawlins,-108.09294581234762,41.38799577379936,58.96,24,20,4.93,Northern
301,rawson,-64.39864733145833,-45.61515332170307,48.4,49,100,4.7,Southern
768,raymond,-112.06246026107742,48.49797168380931,67.91,69,100,4.65,Northern
979,redcar,-0.9328421188087646,54.79602593772188,46.62,73,100,6.46,Northern
530,redmond,-119.80146832794817,44.46807738277013,59.34,68,69,1.34,Northern
838,requena,-73.26812080936185,-5.433472787518639,55.35,91,77,1.28,Southern
850,reyes,-67.51499087832117,-13.19091609716618,66.6,86,57,0.49,Southern
92,ribeira grande,-36.70676626758029,43.06435674328853,64.17,96,100,8.09,Northern
494,richards bay,39.02104955372283,-35.84463086059701,60.04,76,100,2.75,Southern
5,rikitea,-129.337902195494,-65.23283961400512,77.79,80,50,7.04,Southern
332,rio gallegos,-69.49826528189622,-49.6845462761356,35.65,75,0,7.72,Southern
190,rio grande,-49.381680458409335,-35.04136469846655,54.0,84,0,4.02,Southern
395,riyadh,46.7845594050134,26.70050177810718,93.25,10,0,2.57,Northern
697,road town,-63.87791420512269,21.417966507635384,81.0,73,96,7.81,Northern
540,rocha,-50.341267234841354,-38.443305393674216,44.4,76,4,2.17,Southern
795,rognan,16.065337053353034,65.39695651409622,44.91,78,7,2.4,Northern
869,rosita,-84.06732217653739,14.220751010253537,73.49,99,97,1.16,Northern
427,ruidoso,-105.38421088443857,33.919294050590125,63.54,11,1,1.81,Northern
379,russell,179.70182863308037,-29.0022667994306,74.32,60,53,1.87,Southern
400,sabang,95.15027653032666,7.36920040577121,83.25,76,100,4.21,Northern
863,sabha,14.85799540610816,27.498371234752824,82.67,14,1,3.54,Northern
888,saeby,10.76438197342091,57.06911578320043,48.96,96,100,4.26,Northern
527,saint george,-54.48342268116956,32.397902046663376,85.48,9,1,5.66,Northern
181,saint-augustin,-58.865995179921214,52.824090183617045,43.66,71,100,6.14,Northern
545,saint-francois,-55.248826219561394,19.21398937303499,47.64,81,0,1.54,Northern
944,saint-leu,53.239317618428544,-21.495906772530688,68.14,74,2,1.02,Southern
7,saint-philippe,59.95155518541452,-43.56259965668518,68.83,85,45,3.79,Southern
46,saint-pierre,-55.75994233849633,45.510190637183996,68.92,71,20,3.09,Northern
202,salalah,58.2795722961869,15.619406368919314,79.09,78,40,1.36,Northern
4,saldanha,5.407878865267179,-39.010124063615486,48.25,84,56,1.2,Southern
339,sale,147.24733410915866,-38.69180224602475,60.08,94,99,2.57,Southern
651,salinas,-84.13475098470936,-1.3705527938367652,57.06,79,0,2.83,Southern
330,salinopolis,-46.253872666835605,2.4919981894089602,79.88,84,19,4.98,Northern
299,samana,-67.54680707504002,21.733982905771626,76.62,90,70,3.66,Northern
115,samarai,150.82884808552427,-12.514033058550908,80.02,67,98,7.97,Southern
66,sambava,54.52479041913318,-10.658313987551736,67.55,80,26,2.57,Southern
580,samoylovka,43.66057906701894,51.5654303030293,56.14,77,6,3.85,Northern
621,san carlos del zulia,-72.18424739700731,9.524699426140074,75.29,90,100,1.86,Northern
105,san cristobal,-87.31023342043027,-0.7110925761057274,75.38,98,95,2.32,Southern
121,san francisco,-62.20090506605368,-30.782466621475677,58.17,76,20,0.89,Southern
163,san jeronimo,-101.87995254709604,14.268577367776402,47.19,85,100,0.71,Northern
954,san luis,-114.63174409565403,29.083380000961014,53.74,37,52,5.02,Northern
205,san patricio,-112.20809735112668,6.785134112552981,78.6,87,8,5.45,Northern
642,san quintin,-125.33096037890633,21.56400564643488,62.2,82,39,2.46,Northern
904,san vicente,124.12722426186338,18.49674510806632,47.66,71,0,1.17,Northern
289,sangmelima,12.182748468064204,2.720397750267736,68.05,99,100,1.11,Northern
438,santa cruz,-87.45469592962176,9.305257863773576,64.27,76,27,1.77,Northern
903,santa maria,-21.40597964028447,17.657010911345196,49.51,79,0,1.31,Northern
463,santarem,-55.40060993404674,-2.861840568682453,77.13,82,54,1.12,Southern
331,santiago,-75.57583739484393,-14.476594222551753,54.19,44,0,0.74,Southern
896,sao felix do xingu,-51.74567563998235,-5.506537687171431,70.16,86,22,0.69,Southern
21,sao filipe,-27.27247915008462,6.951032213349237,73.17,76,0,3.44,Northern
80,sao gabriel da cachoeira,-67.55548167316647,0.6785241009680902,73.15,99,100,0.75,Northern
258,sao joao da barra,-36.06158437630654,-25.978163750760217,67.15,71,62,1.13,Southern
842,sao jose da coroa grande,-27.259872554386078,-11.775012865413558,76.95,85,18,4.85,Southern
216,sarkand,80.44197927500255,44.891637622198516,77.92,35,0,1.56,Northern
198,saskylakh,120.01666741492829,78.57178645248368,48.15,80,99,2.88,Northern
554,satipo,-74.50042658159822,-10.676118781925368,64.45,97,70,0.99,Southern
681,saurimo,20.77706107476814,-9.76470539848988,54.57,64,10,2.38,Southern
348,savannah bight,-85.96509228372705,17.902672293454017,80.01,82,29,10.18,Northern
355,sawakin,37.79995563737634,20.021194526070175,82.0,69,3,2.55,Northern
238,semenivka,32.828731066575045,52.07927102547299,55.85,92,76,3.54,Northern
406,seminole,-85.7214007914421,27.02719285186204,73.69,79,74,3.57,Northern
405,senneterre,-76.33187452744484,49.1518125346436,64.62,93,95,4.59,Northern
144,seoul,128.09800243493123,39.40829952717837,68.63,47,0,4.78,Northern
710,sept-iles,-65.37748473450134,57.11371182088621,48.06,91,100,0.45,Northern
933,sergeyevka,67.79073310941749,53.24336717845162,82.99,31,49,5.92,Northern
311,severnyy,63.60997362429896,69.12299066465252,59.04,72,0,2.0,Northern
278,severnyy-kospashskiy,58.08442380272294,59.41291602642815,54.61,92,78,3.85,Northern
94,severo-kurilsk,169.40870176326428,29.631602336659682,37.9,98,100,6.26,Northern
528,severo-yeniseyskiy,93.92440222883084,60.99404664033034,36.82,42,52,5.19,Northern
885,seymchan,152.22258704659498,62.88707471659848,46.17,62,100,5.26,Northern
526,shache,76.81521216314138,38.3659770034634,76.23,14,100,1.72,Northern
673,shahrud,55.630179376342966,35.925474774537705,71.67,37,39,4.09,Northern
873,shakhtinsk,72.05419018821007,49.89691852392096,79.36,31,3,2.43,Northern
460,sharhorod,28.16242575084675,48.705690674864144,55.69,94,26,2.16,Northern
615,shihezi,86.26100053583974,45.19659007509864,84.67,18,0,0.89,Northern
309,shimoda,139.30034636481582,29.93546383443173,71.96,54,97,2.08,Northern
143,shingu,139.49031986047743,26.124797831250305,69.91,53,100,3.57,Northern
660,sibiti,12.940990471119193,-3.797348675002567,68.76,98,19,0.27,Southern
763,sibut,19.493929139707006,5.432886116869554,75.02,69,73,0.98,Northern
703,siddipet,79.1563936369896,17.95713104959711,91.81,33,88,9.3,Northern
911,simoes,-40.87429366321666,-7.960765969315602,71.29,47,6,5.09,Southern
590,sinnamary,-46.029757110576725,17.5944746676479,78.33,90,99,2.88,Northern
382,sioux lookout,-90.41696158952341,52.60133638250261,55.47,82,90,3.6,Northern
840,sisimiut,-57.969555516947906,67.23719810172929,29.64,70,10,3.7,Northern
730,sisophon,103.00408717154261,13.521818807784527,85.33,72,100,2.68,Northern
813,sistranda,7.286052807528762,66.53112015931163,51.76,86,40,8.78,Northern
2,sitka,-140.6590004069391,45.0634234590849,48.09,81,90,3.6,Northern
312,skibbereen,-9.774396559591395,50.9060391679748,48.0,82,100,1.94,Northern
516,skjervoy,20.166453316012394,73.71113259663466,39.7,70,56,3.49,Northern
12,smidovich,133.67464663200093,48.09788407349055,54.73,63,74,3.75,Northern
916,sobolevo,157.1380778005568,54.02252511472662,55.45,82,99,4.22,Northern
804,sokoni,40.81256774159476,-7.089406315813349,78.87,69,90,7.85,Southern
735,sola,168.25734301585965,-12.10410096854045,77.47,59,88,6.95,Southern
775,solnechnyy,137.22941237143368,51.03316318079473,38.26,86,100,2.82,Northern
680,solotcha,39.677445705914806,54.806612182148314,50.41,89,93,1.33,Northern
951,solton,86.52316385257814,53.04057028569437,67.69,85,11,3.53,Northern
519,sorland,9.101477185597219,68.90190835561253,43.34,76,0,9.83,Northern
206,souillac,73.82568358128373,-51.20828831279858,68.38,94,40,3.47,Southern
810,south lake tahoe,-119.74601116696007,38.453247159893095,52.9,47,0,2.57,Northern
773,south venice,-83.97691221842139,25.875572573710286,75.42,79,1,3.6,Northern
611,srednekolymsk,154.75653298165787,70.04082009988798,56.61,43,82,9.34,Northern
655,stantsionno-oyashinskiy,84.00464019588128,55.517737123311065,74.62,74,23,3.88,Northern
137,stepnyak,70.8073551504385,52.7101988481343,84.29,26,3,4.81,Northern
320,sterlibashevo,55.305119974383985,53.7544224700608,56.21,76,81,8.07,Northern
474,strathpeffer,-4.947420377352529,57.49375960048317,46.96,91,99,1.31,Northern
192,stuttgart,-91.32285245964098,34.73503793928592,50.14,79,0,2.29,Northern
894,sungaipenuh,99.32472515835343,-4.222476895916941,77.85,67,95,0.81,Southern
678,sungairaya,108.06894062426005,-0.13483544822393867,88.25,65,98,0.69,Southern
875,suntar,118.90435830795695,61.134856346097024,61.16,37,98,1.86,Northern
972,susanville,-120.77835104361809,41.18328024247904,60.08,28,1,4.92,Northern
741,svarstad,12.123711402194203,61.83281430250622,48.78,57,100,3.13,Northern
337,svetlyy,61.32362373227065,50.53317347440975,50.05,92,100,6.1,Northern
939,swan river,-99.96108385849166,52.77453703381369,35.67,76,85,3.04,Northern
790,sweetwater,-100.12545090558166,32.479484276099214,76.42,73,6,0.45,Northern
44,syracuse,15.52197791056534,36.961143748555216,61.29,79,31,4.45,Northern
435,tabou,-5.71517146366071,0.8194284223239094,79.54,86,100,1.94,Northern
764,taicheng,113.07787869247437,20.73781276968448,68.7,30,31,7.48,Northern
271,talnakh,93.95533544093615,77.29625555851538,26.82,89,46,6.16,Northern
90,taltal,-78.77444433004703,-24.89854286572617,66.2,58,95,0.52,Southern
449,tamandare,-28.61131853246988,-10.776951666957473,76.59,86,39,4.55,Southern
767,tambo,-72.94260923741712,-14.53967693471786,33.26,90,100,0.97,Southern
279,tambura,27.60622681404257,4.957936948709772,68.95,96,79,2.04,Northern
316,taoudenni,-3.553254880639969,22.04685546519218,94.28,20,100,8.48,Northern
159,tarancon,-3.2506039824558854,40.020988966832334,56.39,86,89,7.83,Northern
30,tasiilaq,-39.10238246850176,66.41168181195351,37.08,91,100,17.72,Northern
633,taunggyi,97.30596420602609,20.98509236487382,71.65,71,100,3.42,Northern
119,tautira,-143.51032438567117,-18.428478940394683,80.62,74,75,2.96,Southern
802,te anau,160.54821508630596,-39.674639778245805,52.72,62,67,1.26,Southern
992,tenenkou,-5.3565725268458095,15.258400397010519,91.47,30,100,4.27,Northern
401,ternate,127.68346405129984,1.430660702649348,84.94,70,72,3.86,Northern
362,tessalit,-1.284983597935252,20.599339159610892,89.98,7,69,3.47,Northern
214,tezu,97.5838796881053,29.18828538307514,89.28,54,93,1.43,Northern
69,thaton,97.40655196548585,17.03920277548444,78.85,87,100,0.87,Northern
291,thompson,-92.10980335547093,60.31097494098415,26.76,74,90,4.12,Northern
917,tieling,123.34854186626984,42.72903186745597,63.93,66,100,5.85,Northern
985,tigil,156.79072311326428,59.21826544431937,49.03,51,100,4.92,Northern
25,tiksi,124.78277038015665,71.43432312577022,36.28,87,8,1.1,Northern
370,tilichiki,168.8953918475916,58.77815222612074,42.67,64,100,6.49,Northern
737,timbiqui,-78.2514644637623,3.328545544723255,75.87,95,82,1.7,Northern
931,timizart,5.32215141382909,38.039047169058875,59.2,83,100,3.37,Northern
996,tocache,-75.8554784287976,-7.7595420178122225,69.67,94,98,0.14,Southern
455,tokur,132.16379347796277,55.14172366558918,41.34,68,100,2.57,Northern
445,tomislavgrad,17.28930085676575,43.81254441877269,49.6,88,100,2.81,Northern
157,tommot,127.30559025426419,57.128062458977894,55.67,53,100,2.37,Northern
1,torbay,-47.90150256492561,46.93022982369058,43.2,90,90,9.26,Northern
274,torfyanoy,49.21994660950867,58.671456714224746,49.53,78,24,3.59,Northern
250,touros,-31.08030226842874,1.6502233439180714,74.3,91,16,5.2,Northern
708,trairi,-34.13696045734707,7.055580143256293,77.09,82,20,3.81,Northern
806,trelew,-66.74672524237445,-42.42203039241478,47.52,50,100,3.79,Southern
325,troitsko-pechorsk,57.28550339138911,62.38829778953834,42.03,87,100,4.09,Northern
724,tsaratanana,47.670114573758184,-15.812583242843218,63.77,75,7,2.11,Southern
134,tuatapere,160.27361790803025,-52.15695178776262,49.82,62,97,0.35,Southern
23,tuktoyaktuk,-127.83634106921377,74.59112111267069,30.2,80,75,3.09,Northern
625,tulum,-86.71700245078057,19.4598923076189,76.8,91,19,3.41,Northern
170,tulun,100.996027856007,53.797628059405554,46.98,81,100,3.77,Northern
172,tuma,40.5592146883497,55.051297750758124,49.55,68,84,0.86,Northern
695,turtas,69.22180530885208,59.09020385113402,61.23,75,98,3.35,Northern
650,turukhansk,85.52368355536038,63.42504198367047,35.89,56,27,8.14,Northern
987,tutoia,-41.040985825749914,3.2913430374446477,78.55,86,47,3.7,Northern
968,tyret pervaya,102.43469635605521,53.77470320838714,44.83,87,100,3.64,Northern
631,uchiza,-75.78461141814674,-8.464719094080735,69.21,96,100,1.04,Southern
228,ucluelet,-126.16710303209086,48.021062464721155,53.13,81,99,0.45,Northern
945,ulaangom,92.11655568147097,48.83591900048998,71.2,32,100,2.01,Northern
980,ulladulla,158.45698145667075,-40.9629657391387,63.34,44,0,4.88,Southern
855,umba,33.823911961890275,66.65825344358996,37.87,77,40,2.89,Northern
861,umm kaddadah,26.381596734336597,15.85440245699911,85.39,25,99,2.94,Northern
422,umm lajj,36.20728822580077,22.254673894733543,81.75,56,0,3.38,Northern
218,upata,-62.39473801982358,7.7395624180116585,73.71,82,65,2.4,Northern
20,upernavik,-43.4803848012736,88.6015323761597,29.84,90,64,5.19,Northern
969,uray,64.69704189876697,60.12431316521108,55.11,86,100,1.8,Northern
913,urumqi,89.70827821598931,43.99412368913514,81.55,15,0,1.87,Northern
734,urusha,122.94565028984442,53.12939612699347,51.22,56,100,0.3,Northern
14,ushuaia,-48.35766846121152,-89.28065599505827,31.66,86,75,7.2,Southern
407,ust-charyshskaya pristan,83.64298616834935,52.347404585037935,77.04,49,7,3.06,Northern
386,ust-karsk,118.80259114761412,53.11202619463063,56.82,48,91,0.82,Northern
426,ust-kuyga,136.34090960835977,69.9375609019134,60.57,31,0,10.27,Northern
841,ust-maya,135.2033033174814,58.593329158289265,53.94,52,100,2.37,Northern
128,ustka,16.8341426030091,54.668431620103064,46.47,90,49,7.29,Northern
111,vaini,-168.7948836678639,-33.21785113895322,73.56,88,90,4.63,Southern
859,vaitape,-154.55257404232475,-18.98418657307691,81.01,70,11,4.52,Southern
778,valday,33.0765394446114,58.08847707430584,49.12,81,97,3.74,Northern
336,valle hermoso,-97.7540783263357,25.592986966689153,79.92,80,100,5.1,Northern
506,valparaiso,-74.4821424119401,-32.09127114444804,50.92,72,19,4.3,Southern
222,vanavara,103.7881755975551,61.73772515740009,37.67,54,100,2.73,Northern
244,vanimo,139.89225273095263,-0.20217341349898277,82.44,84,38,1.64,Southern
414,vao,168.91803377542567,-22.64492449542938,71.38,65,0,6.78,Southern
692,vardo,33.65342529983906,80.5946342511954,37.6,69,39,3.78,Northern
662,ventspils,21.329230705067744,57.572256624132166,49.93,100,90,5.14,Northern
146,vestmannaeyjar,-19.790300780709885,62.28974074606407,44.78,86,68,11.41,Northern
368,vetlanda,15.084614954483357,57.58642804371567,46.27,99,100,1.8,Northern
586,victor harbor,139.36635269840787,-36.90146889732351,58.33,73,43,0.89,Southern
81,victoria,51.48187913158327,-2.349224744161859,87.62,79,19,0.45,Southern
201,vila franca do campo,-24.369172377181343,31.77852091787888,64.81,90,100,4.86,Northern
185,vila velha,-27.400438792092416,-28.62515689064655,71.55,78,90,2.06,Southern
700,villamaria,-75.48943663464019,4.997356264781203,64.87,97,98,2.39,Northern
641,visby,17.726929588373423,57.81089590453442,48.43,100,90,4.12,Northern
266,vitim,110.79187098752891,60.16493622512024,58.73,40,19,4.87,Northern
800,vityazevo,37.28717523896444,44.971469108919166,54.01,87,1,3.0,Northern
789,vizinga,50.09438690682086,60.643228529387784,42.91,91,100,3.7,Northern
581,vostok,147.51582466514708,51.10340667541121,58.57,29,45,5.58,Northern
531,vuktyl,56.997966730046045,63.51590568543196,38.89,75,100,5.88,Northern
161,vung tau,108.92853461560412,7.844399313070184,79.86,84,100,5.35,Northern
671,waddan,16.75170011806,27.31619918464048,76.6,27,0,2.15,Northern
808,waipawa,178.1349526603907,-44.151274993188935,51.4,58,34,4.02,Southern
393,wajid,42.867469853286934,4.1058018147562905,68.49,92,13,5.85,Northern
470,wajima,135.81748977806,38.218232293306556,61.56,67,87,6.34,Northern
120,walvis bay,10.236961440403007,-24.68630840572152,54.55,82,0,3.51,Southern
537,warkworth,174.72837466642306,-36.312164821040994,59.59,63,59,6.13,Southern
704,weihe,129.057255080895,45.54452014245604,71.47,40,100,1.85,Northern
925,weligama,79.93134297848906,3.6244267945344717,81.32,83,100,7.99,Northern
689,west fargo,-97.17761236426047,46.455440124774015,64.45,48,1,7.98,Northern
397,westport,169.88673131110824,-40.658566753626744,61.43,86,96,0.45,Southern
721,weymouth,-2.3423508135813336,50.225476364004294,61.03,74,100,1.79,Northern
691,whitehorse,-133.50117679863388,62.275416214935575,50.31,53,96,3.58,Northern
831,willmar,-95.14419772713848,44.76549636687204,66.58,43,1,5.14,Northern
459,wilson,-77.83465728668223,35.717389508488864,71.31,77,1,2.06,Northern
652,wolfhagen,9.277753534757323,51.36274879976159,44.98,94,77,4.04,Northern
849,xai-xai,35.726676379646875,-27.6351355919654,57.99,82,25,2.96,Southern
515,xichang,102.09232752839159,28.86327472760435,68.54,69,95,3.82,Northern
582,xining,98.13886324233187,34.95988704790402,64.8,39,30,0.58,Northern
454,xuddur,44.06128523230555,5.763548531602709,67.14,92,11,4.45,Northern
991,yaan,99.1562075000167,32.364393344123926,77.02,83,95,3.77,Northern
832,yacuiba,-63.237135311310524,-21.993240167142204,54.95,78,1,1.8,Southern
761,yakeshi,120.5681600623958,50.00807630320372,47.37,57,100,2.49,Northern
31,yaonahuac,-97.44625180366897,19.891711969575653,61.2,93,73,0.41,Northern
552,yar-sale,70.48455359724821,66.82974766402316,39.4,61,98,3.53,Northern
920,yashan,109.8348723423307,22.28997550288912,87.48,69,68,4.45,Northern
48,yellowknife,-116.86869264442461,67.53076594342977,38.43,33,20,3.6,Northern
630,yenagoa,6.108919051518228,4.132401568523349,76.01,95,99,1.74,Northern
140,yerbogachen,110.08648641124131,60.186915239043714,45.01,41,99,2.7,Northern
828,yinchuan,107.49198084236701,37.46041303976496,72.41,18,0,3.61,Northern
317,yining,82.27626725194466,45.286807036368714,76.59,87,100,1.82,Northern
518,yongan,117.59116461297845,25.923513332999192,66.11,32,24,8.27,Northern
68,yulara,130.41091159682998,-27.816205152424544,58.84,41,100,6.69,Southern
440,yumen,97.57483203100259,41.2533185983296,74.08,14,3,1.02,Northern
725,yuzhno-sukhokumsk,45.53482315595977,44.711488106359326,60.46,83,100,6.69,Northern
345,zabaykalsk,116.95580875637279,49.064789147877406,53.51,42,92,0.91,Northern
853,zachary,-91.4504804592913,30.93163317707804,74.91,76,40,2.68,Northern
989,zambezi,21.416240092007286,-13.800861232611226,49.39,65,5,2.54,Southern
923,zapolyarnyy,30.766406479829584,69.17767187076527,34.88,81,46,1.88,Northern
86,zaqatala,46.593163816031506,41.838347095577035,59.47,94,90,3.09,Northern
548,zaragoza,-0.5928970978842472,41.592497812637816,54.23,66,0,2.68,Northern
714,zeya,127.85793136624011,56.042276277404085,46.62,56,100,0.77,Northern
749,zhezkazgan,68.47907589929059,45.81110362574421,82.67,24,1,5.4,Northern
350,zhicheng,118.41678783790013,27.613376953411475,64.76,98,100,1.24,Northern
757,zhigansk,122.5564511512411,70.64037469059664,56.82,50,100,1.66,Northern
